City_ID,City,Lat,Lng,Max Temp,Humidity,Cloudiness,Wind Speed,Country,Date
0,kenora,49.8167,-94.4337,25.54,57,40,6.17,CA,1687223896
1,puerto natales,-51.7236,-72.4875,-0.77,91,100,1.6,CL,1687223383
2,pisco,-13.7,-76.2167,21.03,73,100,1.54,PE,1687223601
3,nyagan,62.1406,65.3936,6.8,72,100,5.16,RU,1687223630
4,bethel,41.3712,-73.414,20.48,77,75,2.57,US,1687223609
5,edinburgh of the seven seas,-37.0676,-12.3116,15.82,96,100,12.81,SH,1687223603
6,bredasdorp,-34.5322,20.0403,9.21,72,96,5.66,ZA,1687223598
7,tura,25.5198,90.2201,23.79,97,83,3.31,IN,1687223449
8,albany,42.6001,-73.9662,21.23,75,82,0.5,US,1687223457
9,dangriga,16.9692,-88.2321,27.14,82,52,5.35,BZ,1687224074
10,adamstown,-25.066,-130.1015,23.77,80,69,10.42,PN,1687223605
11,carnarvon,-24.8667,113.6333,18.26,69,1,5.64,AU,1687223613
12,port-aux-francais,-49.35,70.2167,3.01,66,67,14.44,TF,1687223605
13,dudinka,69.4058,86.1778,4.79,94,100,2.78,RU,1687223598
14,santa rosa de copan,14.7667,-88.7833,19.02,94,88,0.72,HN,1687224075
15,grytviken,-54.2811,-36.5092,-2.69,84,14,4.69,GS,1687223597
16,hawaiian paradise park,19.5933,-154.9731,25.73,85,100,4.12,US,1687223621
17,yopal,5.3378,-72.3959,22.48,90,30,1.42,CO,1687224075
18,guangshui,31.6199,113.9978,27.94,72,2,1.64,CN,1687224075
19,waitangi,-43.9535,-176.5597,13.23,78,56,4.02,NZ,1687223321
20,san patricio,28.017,-97.5169,32.88,74,3,7.15,US,1687223686
21,klyuchi,52.2667,79.1667,15.96,58,0,8.7,RU,1687223619
22,constantia,44.1833,28.65,17.61,84,29,3.54,RO,1687223614
23,anna regina,7.2644,-58.5077,25.75,84,1,2.68,GY,1687224077
24,puerto ayora,-0.7393,-90.3518,25.86,92,3,2.24,EC,1687223621
25,menomonie,44.8755,-91.9193,29.02,48,0,0.0,US,1687224077
26,bonthe,7.5264,-12.505,24.9,89,10,2.12,SL,1687224077
27,tiksi,71.6872,128.8694,8.56,81,100,3.97,RU,1687223615
28,loiza,18.4313,-65.8802,28.49,77,20,2.06,PR,1687224077
29,trujillo,-8.116,-79.03,20.98,83,75,3.09,PE,1687224078
30,am timan,11.0297,20.2827,24.4,80,100,2.08,TD,1687224078
31,isafjordur,66.0755,-23.124,5.06,93,100,3.57,IS,1687223611
32,grand falls-windsor,48.9332,-55.6649,4.17,93,100,0.89,CA,1687224078
33,caldas novas,-17.7417,-48.625,17.43,54,0,1.7,BR,1687224078
34,fale old settlement,-9.3852,-171.2468,28.15,68,39,3.69,TK,1687223655
35,siguiri,11.6667,-9.5,26.28,70,74,2.07,GN,1687224079
36,margaret river,-33.95,115.0667,11.46,66,86,7.39,AU,1687223611
37,fortuna,40.5982,-124.1573,15.52,74,75,6.69,US,1687223445
38,dryden,49.7833,-92.7503,26.16,53,0,4.12,CA,1687224080
39,colonia,50.9333,6.95,22.12,72,100,3.09,DE,1687223591
40,kismayo,-0.3582,42.5454,25.33,82,25,5.72,SO,1687224080
41,stanley,54.868,-1.6985,14.39,89,0,1.03,GB,1687223636
42,tacuarembo,-31.7333,-55.9833,10.05,76,100,2.6,UY,1687224080
43,qaqortoq,60.7167,-46.0333,1.88,87,32,0.68,GL,1687223629
44,ribeira grande,38.5167,-28.7,18.76,90,100,3.13,PT,1687223636
45,notse,6.95,1.1667,23.06,98,100,2.3,TG,1687224081
46,ilulissat,69.2167,-51.1,7.01,61,75,0.0,GL,1687223605
47,guadalupe y calvo,26.1,-106.9667,14.62,74,100,4.36,MX,1687224078
48,kavieng,-2.5744,150.7967,28.95,73,100,3.47,PG,1687224082
49,afaahiti,-17.75,-149.2833,27.93,78,0,4.44,PF,1687223666
50,iqaluit,63.7506,-68.5145,5.85,75,100,3.09,CA,1687223634
51,nelson bay,-32.7167,152.15,15.0,47,0,5.36,AU,1687224084
52,kodiak,57.79,-152.4072,17.73,52,0,3.09,US,1687223604
53,pemba,-12.974,40.5178,23.71,78,70,1.25,MZ,1687224084
54,saipan,15.1355,145.701,31.39,100,40,6.69,MP,1687223450
55,ushuaia,-54.8,-68.3,3.81,65,0,1.54,AR,1687223605
56,malango,-2.9627,119.9001,22.33,90,98,0.64,ID,1687224085
57,carrick-on-suir,52.3492,-7.4131,16.98,96,100,1.99,IE,1687224085
58,hermanus,-34.4187,19.2345,9.89,66,100,8.09,ZA,1687223599
59,okha,53.5739,142.9478,11.18,79,22,4.59,RU,1687224085
60,le port,-20.9373,55.2919,21.0,86,20,1.98,RE,1687223693
61,vernon,50.2581,-119.2691,12.34,59,100,1.43,CA,1687224085
62,askino,56.0901,56.5783,2.5,86,9,2.06,RU,1687224086
63,susuman,62.7833,148.1667,22.72,24,2,1.32,RU,1687223663
64,gantang,26.92,119.6333,32.37,63,93,0.89,CN,1687224086
65,fisterra,42.9049,-9.2629,14.3,86,1,1.7,ES,1687223686
66,rawson,-43.3002,-65.1023,5.22,63,3,4.28,AR,1687224047
67,invercargill,-46.4,168.35,11.05,79,89,1.58,NZ,1687223623
68,papatowai,-46.5619,169.4708,12.11,89,100,5.66,NZ,1687223600
69,kaoma,-14.7833,24.8,10.13,42,0,1.6,ZM,1687223664
70,aksu,41.1231,80.2644,26.78,29,96,2.35,CN,1687224087
71,uren',57.4552,45.7852,5.6,98,100,1.91,RU,1687224087
72,keflavik,64.0049,-22.5624,9.95,87,75,5.66,IS,1687223661
73,murghob,38.1702,73.9667,8.2,41,0,2.29,TJ,1687224088
74,st. john's,47.5649,-52.7093,6.63,97,100,3.6,CA,1687223626
75,curup,-3.4667,102.5333,22.13,93,100,0.46,ID,1687224020
76,praia da vitoria,38.7333,-27.0667,19.14,88,75,1.46,PT,1687223609
77,borgarnes,64.5383,-21.9206,10.03,91,100,3.93,IS,1687224088
78,lompoc,34.6391,-120.4579,22.66,67,0,4.02,US,1687223457
79,vorgashor,67.5833,63.95,3.92,76,100,4.36,RU,1687223621
80,fort mcmurray,56.7268,-111.381,13.77,94,100,6.17,CA,1687224089
81,la passe,45.5549,-0.8967,21.13,91,100,3.89,FR,1687224089
82,port mathurin,-19.6833,63.4167,24.15,65,14,9.39,MU,1687223612
83,tamanrasset,22.785,5.5228,25.95,22,40,1.03,DZ,1687223610
84,orangeburg,33.4918,-80.8557,24.16,91,75,1.54,US,1687224090
85,cabo san lucas,22.8909,-109.9124,34.61,20,75,5.14,MX,1687224090
86,el calafate,-50.3408,-72.2768,-0.53,65,100,0.93,AR,1687224090
87,kailua-kona,19.6406,-155.9956,28.98,80,40,5.14,US,1687223600
88,lihue,21.9789,-159.3672,28.58,66,20,5.14,US,1687223641
89,nueva gerona,21.8833,-82.8,29.29,61,0,4.1,CU,1687224091
90,metlili chaamba,32.2667,3.6333,30.52,9,0,8.23,DZ,1687224091
91,lubang,13.8584,120.124,28.82,73,86,2.03,PH,1687224091
92,guymon,36.6828,-101.4816,32.0,27,0,3.09,US,1687224091
93,wailua homesteads,22.0669,-159.378,28.24,72,20,5.14,US,1687223671
94,at taraf,25.3628,49.725,29.3,17,26,5.25,SA,1687224092
95,yellowknife,62.456,-114.3525,16.29,48,20,4.63,CA,1687223612
96,qamdo,31.1667,97.2333,3.52,87,100,3.48,CN,1687223643
97,port douglas,-16.4833,145.4667,23.65,66,65,2.31,AU,1687224093
98,kendari,-3.945,122.4989,27.22,69,95,1.45,ID,1687224093
99,aktau,43.65,51.2,14.32,39,55,3.36,KZ,1687224093
100,uturoa,-16.7333,-151.4333,26.88,76,6,2.82,PF,1687223652
101,zhuanghe,39.7008,122.9911,18.94,90,100,5.77,CN,1687224094
102,ust-nera,64.5667,143.2,24.28,26,100,1.69,RU,1687223659
103,west island,-12.1568,96.8225,25.99,89,75,2.57,CC,1687223627
104,san antonio de pale,-1.4014,5.6325,24.48,78,98,6.88,GQ,1687223638
105,neiafu,-18.65,-173.9833,26.38,65,20,4.12,TO,1687224094
106,olonkinbyen,70.9221,-8.7187,4.21,98,100,4.73,SJ,1687223598
107,port lincoln,-34.7333,135.8667,13.02,61,11,5.29,AU,1687223630
108,arraial do cabo,-22.9661,-42.0278,21.17,59,100,3.19,BR,1687223701
109,mossel bay,-34.1831,22.146,10.99,71,40,10.43,ZA,1687223696
110,hoemul-li,41.4339,129.67,19.8,73,100,1.61,KP,1687224095
111,bilajer,40.5681,50.0378,21.9,88,20,3.09,AZ,1687224095
112,pangkalanbuun,-2.6833,111.6167,23.81,98,100,0.96,ID,1687224095
113,sao joao dos inhamuns,-6.0,-40.2833,22.07,70,0,2.87,BR,1687224096
114,whitehorse,60.7161,-135.0538,21.12,30,40,1.79,CA,1687223361
115,utrik,11.2278,169.8474,27.89,78,95,6.58,MH,1687223668
116,margate,51.3813,1.3862,17.95,81,100,0.45,GB,1687224016
117,menongue,-14.6585,17.691,9.42,46,0,1.52,AO,1687224096
118,anar darah,32.7587,61.654,29.25,17,0,4.07,AF,1687224097
119,ta`u,-14.2336,-169.5144,26.97,76,3,2.98,AS,1687224097
120,east london,-33.0153,27.9116,13.85,47,2,9.79,ZA,1687223653
121,cuyo,10.8525,121.0086,28.92,67,66,0.95,PH,1687224097
122,tralee,52.2704,-9.7026,12.36,95,14,2.07,IE,1687223653
123,tanjung pandan,-2.75,107.65,26.47,83,100,2.25,ID,1687224097
124,tazovsky,67.4667,78.7,2.47,91,100,3.58,RU,1687223690
125,conde,-7.2597,-34.9075,23.7,100,20,0.51,BR,1687224098
126,badger,64.8,-147.5333,20.84,42,100,3.6,US,1687223643
127,anka,12.1138,5.9243,28.02,63,99,4.51,NG,1687224098
128,udachny,66.4167,112.4,11.92,46,100,4.04,RU,1687223634
129,port-vila,-17.7338,168.3219,25.78,61,40,5.66,VU,1687224099
130,ust'-ilimsk,58.0006,102.6619,16.03,34,100,1.69,RU,1687223705
131,labasa,-16.4167,179.3833,25.35,73,100,2.04,FJ,1687224099
132,narvik,68.4384,17.4272,18.54,70,100,3.62,NO,1687223720
133,gusinje,42.5638,19.8333,13.99,73,0,0.79,ME,1687224099
134,gadzhiyevo,69.2551,33.3362,5.57,80,5,1.58,RU,1687224100
135,talnakh,69.4865,88.3972,4.56,100,100,2.05,RU,1687223624
136,vilyuchinsk,52.9306,158.4028,9.15,90,100,0.45,RU,1687223613
137,monahans,31.5943,-102.8926,41.38,10,3,4.86,US,1687224100
138,bilibino,68.0546,166.4372,18.11,42,46,8.71,RU,1687223623
139,palikir - national government center,6.9248,158.1611,31.41,70,75,5.66,FM,1687223609
140,blackmans bay,-43.0167,147.3167,8.62,70,53,3.84,AU,1687223604
141,sitka,57.0531,-135.33,16.94,67,0,6.69,US,1687223337
142,taro,-8.3862,115.28,22.0,56,6,0.73,ID,1687224101
143,oltinko'l,40.8011,72.1634,25.64,46,27,4.65,UZ,1687224101
144,mugia,43.1041,-9.2179,14.39,88,3,2.63,ES,1687223614
145,baardheere,2.3446,42.2764,23.87,83,92,5.95,SO,1687224101
146,college,64.8569,-147.8028,20.88,40,100,3.6,US,1687223606
147,tual,-5.6667,132.75,26.82,80,57,9.69,ID,1687224102
148,wuhu,31.3366,118.3755,26.22,80,100,3.13,CN,1687224102
149,new norfolk,-42.7826,147.0587,9.28,58,79,1.79,AU,1687224102
150,avarua,-21.2078,-159.775,26.03,89,40,4.12,CK,1687223616
151,soio,-6.1349,12.3689,21.2,86,85,2.79,AO,1687224103
152,karratha,-20.7377,116.8463,17.51,92,100,7.8,AU,1687223587
153,oranjemund,-28.55,16.4333,12.28,84,100,3.96,NA,1687224103
154,petropavlovsk-kamchatsky,53.0452,158.6483,8.33,93,75,2.0,RU,1687223620
155,san julian,21.0167,-102.1667,30.47,12,28,8.15,MX,1687224103
156,salalah,17.0151,54.0924,28.05,94,75,2.06,OM,1687223699
157,tsumeb,-19.2333,17.7167,15.56,18,0,2.22,NA,1687224104
158,kruisfontein,-34.0033,24.7314,9.94,76,99,12.29,ZA,1687223676
159,hithadhoo,-0.6,73.0833,28.62,73,94,4.95,MV,1687223642
160,atafu village,-8.5421,-172.5159,28.2,68,14,4.51,TK,1687223622
161,crane,31.3974,-102.3501,40.16,10,19,4.04,US,1687223648
162,shamakhi,40.6314,48.6414,16.97,79,11,1.54,AZ,1687224105
163,homer,59.6425,-151.5483,16.93,65,100,6.69,US,1687224105
164,souillac,-20.5167,57.5167,22.21,73,40,4.12,MU,1687224105
165,wangjing,24.6,94.0333,22.52,88,100,0.33,IN,1687224106
166,jamestown,42.097,-79.2353,23.8,56,75,3.09,US,1687223401
167,flin flon,54.7682,-101.865,22.32,38,1,5.56,CA,1687223521
168,fort bragg,35.139,-79.006,22.91,88,100,2.06,US,1687223578
169,los banos,14.1667,121.1833,29.86,68,33,0.94,PH,1687223925
170,hami,42.8,93.45,33.27,6,11,3.61,CN,1687223400
171,alcaniz,41.05,-0.1333,22.56,57,100,1.62,ES,1687224107
172,nanpara,27.8667,81.5,30.6,56,100,5.71,IN,1687224107
173,wildwood,38.5828,-90.6629,27.91,59,0,0.0,US,1687223921
174,dukhan,25.4297,50.7858,30.39,56,96,6.29,QA,1687224107
175,lobujya,27.95,86.8167,0.73,77,62,1.15,NP,1687224107
176,naha,26.2125,127.6811,29.15,84,75,4.63,JP,1687224108
177,devils lake,48.1128,-98.8651,30.99,45,0,6.69,US,1687224108
178,lerwick,60.1545,-1.1494,14.0,95,26,6.19,GB,1687223638
179,cidreira,-30.1811,-50.2056,15.66,78,100,6.92,BR,1687223688
180,grants,35.1473,-107.8514,28.13,12,0,6.69,US,1687224108
181,anadyr,64.75,177.4833,22.28,35,20,5.0,RU,1687223611
182,bensonville,6.4461,-10.6125,25.75,95,93,1.48,LR,1687224109
183,san luis de la loma,17.2706,-100.8939,30.44,70,18,2.69,MX,1687224109
184,ancud,-41.8697,-73.8203,5.85,81,5,3.48,CL,1687223651
185,port alfred,-33.5906,26.891,9.54,71,45,2.68,ZA,1687223673
186,n'dalatando,-9.2978,14.9116,14.77,94,43,0.53,AO,1687224109
187,mermoz boabab,14.7065,-17.4758,27.88,83,40,3.09,SN,1687223871
188,ayorou,14.7308,0.9174,32.47,32,100,7.05,NE,1687224110
189,lata,40.1629,-8.3327,18.78,99,68,0.81,PT,1687223613
190,xining,36.6167,101.7667,15.7,58,100,0.9,CN,1687224110
191,tougue,11.4667,-11.6,20.34,94,100,1.22,GN,1687224110
192,carbonear,47.7332,-53.2148,7.29,96,100,4.12,CA,1687224111
193,tazacorte,28.629,-17.9293,21.54,83,100,2.57,ES,1687223618
194,rocha,-34.4833,-54.3333,8.49,93,100,1.62,UY,1687224111
195,whitby,54.4877,-0.615,16.19,78,100,1.87,GB,1687223919
196,vadso,70.0744,29.7487,7.49,87,40,5.14,NO,1687223627
197,belo sur tsiribihina,-19.7,44.55,16.33,84,0,1.45,MG,1687224112
198,chonchi,-42.6128,-73.8092,2.56,83,0,0.37,CL,1687223650
199,kristiansund,63.1115,7.732,18.36,63,75,0.51,NO,1687224112
200,ghatsila,22.6,86.4833,29.25,66,100,1.53,IN,1687224112
201,tirebolu,41.0069,38.8139,19.76,88,100,2.68,TR,1687224112
202,cassilandia,-19.1133,-51.7342,15.64,67,0,1.81,BR,1687224113
203,codrington,-38.2667,141.9667,9.47,68,100,2.77,AU,1687223618
204,nagqu,31.5,92.0,6.27,71,49,1.75,CN,1687224113
205,enewetak,11.3474,162.3373,27.88,77,81,8.13,MH,1687223629
206,al qubbah,32.7616,22.2424,16.4,76,0,3.59,LY,1687224113
207,coquimbo,-29.9533,-71.3436,13.85,82,0,2.06,CL,1687223596
208,ironwood,46.4547,-90.171,24.45,57,75,1.54,US,1687224114
209,yuni,13.4192,122.4833,29.76,67,99,0.77,PH,1687224114
210,rexburg,43.826,-111.7897,15.99,43,100,4.12,US,1687223984
211,toliara,-23.35,43.6667,19.24,78,0,1.63,MG,1687224114
212,ribnitz-damgarten,54.25,12.4667,18.96,100,52,1.04,DE,1687224114
213,paracuru,-3.41,-39.0306,27.84,83,57,3.9,BR,1687224115
214,lembeni,-3.7833,37.6167,17.64,89,90,1.34,TZ,1687224115
215,vallenar,-28.5708,-70.7581,13.98,63,100,0.51,CL,1687223984
216,namibe,-15.1961,12.1522,17.05,79,70,2.5,AO,1687223624
217,punta arenas,-53.15,-70.9167,4.06,81,0,6.17,CL,1687223482
218,longyearbyen,78.2186,15.6401,4.91,87,75,1.03,SJ,1687223600
219,nedroma,35.0136,-1.748,19.64,62,0,1.43,DZ,1687224116
220,yaren,-0.5472,166.916,28.45,69,100,0.89,NR,1687223689
221,thanh hoa,19.8,105.7667,31.02,63,100,1.1,VN,1687224116
222,monaco,43.7314,7.419,24.12,78,0,1.54,MC,1687224063
223,nyurba,63.2842,118.3319,8.2,89,100,5.47,RU,1687224117
224,devrekani,41.603,33.8392,10.51,95,57,1.7,TR,1687224117
225,madinat sittah uktubar,29.8167,31.05,22.78,80,0,4.47,EG,1687224117
226,howrah,22.5892,88.3103,30.0,89,20,3.6,IN,1687224117
227,la'ie,21.6477,-157.9253,30.98,64,11,3.58,US,1687223719
228,kununurra,-15.7667,128.7333,24.99,29,98,2.57,AU,1687223633
229,el granada,37.5027,-122.4694,20.25,63,0,12.86,US,1687224118
230,kenai,60.5544,-151.2583,16.05,76,100,5.66,US,1687223606
231,port elizabeth,-33.918,25.5701,12.4,57,0,11.32,ZA,1687223604
232,bonanza,14.0289,-84.591,22.62,99,100,1.15,NI,1687224118
233,nova xavantina,-14.6667,-52.35,21.54,48,0,1.2,BR,1687224118
234,iskateley,67.6803,53.1512,3.81,79,23,3.97,RU,1687223633
235,selfoss,63.9331,-20.9971,10.02,90,40,2.45,IS,1687224119
236,gaiman,-43.2897,-65.4929,3.77,65,0,3.8,AR,1687224119
237,tvoroyri,61.5556,-6.8111,10.46,99,100,8.26,FO,1687224119
238,pitimbu,-7.4706,-34.8086,24.33,85,22,3.42,BR,1687224119
239,vila franca do campo,37.7167,-25.4333,18.23,85,82,0.82,PT,1687223665
240,kerikeri,-35.2268,173.9474,16.62,88,21,0.45,NZ,1687223425
241,vilyuysk,63.7553,121.6247,15.16,85,100,3.82,RU,1687223614
242,seririt,-8.1928,114.9388,28.35,58,7,0.63,ID,1687224120
243,mae ramat,16.984,98.5166,24.18,96,100,0.19,TH,1687224120
244,georgetown,5.4112,100.3354,28.96,74,20,0.51,MY,1687223400
245,murillo colonia,26.2565,-98.1133,33.96,64,0,7.72,US,1687224121
246,san pedro de macoris,18.4616,-69.2972,26.34,75,100,3.97,DO,1687224121
247,alofi,-19.0595,-169.9187,25.94,69,40,4.12,NU,1687224121
248,beledweyne,4.7358,45.2036,24.18,73,100,6.91,SO,1687224121
249,broome,42.2506,-75.833,21.97,78,100,2.11,US,1687224122
250,saldanha,-33.0117,17.9442,10.03,68,46,4.14,ZA,1687224122
251,elva,58.2225,26.4211,14.55,85,0,0.51,EE,1687223824
252,shipunovo,52.1582,82.2173,22.84,51,100,8.38,RU,1687224122
253,boa vista,2.8197,-60.6733,25.99,83,20,2.06,BR,1687223829
254,falun,60.6036,15.626,16.23,69,100,0.92,SE,1687224123
255,manokwari,-0.8667,134.0833,27.03,78,100,0.66,ID,1687223588
256,inyonga,-6.7167,32.0667,16.94,59,0,2.06,TZ,1687224123
257,at taj,24.2049,23.2857,25.56,23,0,4.23,LY,1687224123
258,greenville,35.6127,-77.3663,25.64,68,0,2.57,US,1687223686
259,sterling,39.0062,-77.4286,25.44,75,100,5.14,US,1687224002
260,thompson,55.7435,-97.8558,19.09,94,75,1.03,CA,1687223662
261,parambu,-6.2111,-40.6944,20.57,76,0,1.55,BR,1687224124
262,boksitogorsk,59.474,33.8485,8.11,58,87,0.94,RU,1687224124
263,meadow lake,34.8014,-106.5436,33.71,15,62,9.75,US,1687224124
264,lagos,6.5833,3.75,25.18,95,100,1.32,NG,1687223820
265,acapulco de juarez,16.8634,-99.8901,30.9,74,20,3.09,MX,1687223699
266,sinabang,2.4803,96.3801,27.41,75,7,0.57,ID,1687223698
267,tucuma,-0.1833,-50.05,24.86,87,10,2.22,BR,1687224125
268,dazuocun,24.8862,118.9643,27.38,87,100,8.58,CN,1687224125
269,terenozek,45.05,64.9833,20.83,48,100,2.62,KZ,1687224125
270,mounana,-1.4085,13.1586,21.3,91,100,1.01,GA,1687224126
271,meadow lakes,61.6247,-149.6011,22.69,51,0,1.54,US,1687224126
272,lahij,13.1667,44.5833,29.79,52,10,2.83,YE,1687224126
273,el nido,11.1858,119.3956,28.12,78,100,1.18,PH,1687224126
274,along,28.1667,94.7667,23.22,99,100,0.33,IN,1687224126
275,kabansk,52.0486,106.6528,22.72,43,50,1.91,RU,1687224127
276,byerazino,53.8391,28.9879,15.24,95,100,0.33,BY,1687224127
277,veraval,20.9,70.3667,29.3,71,100,4.79,IN,1687224127
278,tolanaro,-25.0319,46.9987,16.74,86,0,4.97,MG,1687223718
279,sao jose da coroa grande,-8.8978,-35.1478,24.72,85,73,2.6,BR,1687224128
280,ximeicun,24.9639,118.3794,29.75,76,100,1.5,CN,1687224128
281,quellon,-43.1167,-73.6167,0.14,100,0,0.0,CL,1687223886
282,laguna,38.421,-121.4238,26.29,39,0,5.14,US,1687223615
283,palopo,-2.9996,120.1921,25.93,86,90,0.28,ID,1687224129
284,hadibu,12.65,54.0333,27.07,80,71,8.26,YE,1687223627
285,khandyga,62.6667,135.6,23.74,45,100,6.05,RU,1687224129
286,yeed,4.55,43.0333,23.45,70,72,7.09,SO,1687224129
287,guaymate,18.5879,-68.9787,25.83,89,40,0.0,DO,1687224129
288,east ballina,-28.8667,153.5833,18.22,40,33,4.42,AU,1687224130
289,nelson,-41.2833,173.2833,15.72,75,19,1.34,NZ,1687224130
290,albert lea,43.648,-93.3683,29.01,51,0,2.06,US,1687224117
291,labrador city,52.9463,-66.9114,13.11,61,100,1.41,CA,1687223478
292,barra de santo antonio,-9.4047,-35.5072,23.6,84,6,2.79,BR,1687224131
293,cloquet,46.7216,-92.4594,20.66,67,0,3.6,US,1687224131
294,bada,51.392,109.8717,19.62,44,97,1.11,RU,1687224131
295,palu,-0.8917,119.8707,25.88,89,98,0.74,ID,1687224131
296,tromso,69.6496,18.957,14.1,76,75,1.54,NO,1687223713
297,dubbo,-32.25,148.6167,8.07,87,40,1.54,AU,1687223668
298,bharatpur,27.2167,77.4833,28.24,77,64,4.17,IN,1687224123
299,tingi,-11.3,35.0333,13.34,68,0,1.47,TZ,1687224132
300,lebu,-37.6167,-73.65,11.21,84,100,1.7,CL,1687223658
301,bandarbeyla,9.4942,50.8122,24.06,84,48,10.8,SO,1687223609
302,egilsstadir,65.2653,-14.3948,7.95,87,100,4.12,IS,1687223631
303,bouca,6.5105,18.2733,20.04,96,100,1.07,CF,1687224133
304,papao,-17.75,-149.55,28.82,79,0,3.66,PF,1687223639
305,ostersund,63.1792,14.6357,17.01,31,100,3.6,SE,1687223716
306,mata-utu,-13.2816,-176.1745,27.25,76,56,6.11,WF,1687224133
307,minot,48.2325,-101.2963,26.12,53,0,4.12,US,1687224133
308,portland,45.5234,-122.6762,16.96,80,75,2.57,US,1687223628
309,padang,-0.9492,100.3543,26.03,76,100,1.2,ID,1687224134
310,hilo,19.7297,-155.09,27.38,83,100,4.12,US,1687223649
311,shiogama,38.3167,141.0333,21.99,64,91,2.63,JP,1687224134
312,tanvald,50.7374,15.3059,19.18,79,100,1.36,CZ,1687224134
313,tumayr,25.7039,45.868,28.04,17,10,2.48,SA,1687224135
314,sokoni,-6.4333,39.55,25.7,75,0,4.81,TZ,1687223711
315,bikenibeu village,1.3673,173.1241,29.98,74,75,2.06,KI,1687223659
316,la cruz,23.9167,-106.9,28.92,60,84,2.78,MX,1687224135
317,bahia blanca,-38.7196,-62.2724,9.34,98,100,2.68,AR,1687224135
318,wakkanai,45.4094,141.6739,17.99,68,20,5.14,JP,1687224136
319,maceio,-9.6658,-35.7353,23.69,100,75,3.09,BR,1687224136
320,brookings,44.3114,-96.7984,32.19,43,0,6.69,US,1687223649
321,buala,-8.145,159.5921,29.46,70,88,0.85,SB,1687224136
322,alice springs,-23.7,133.8833,18.45,31,100,3.09,AU,1687223648
323,volcan,8.7667,-82.6333,19.06,95,100,0.89,PA,1687224039
324,mont-dore,-22.2833,166.5833,26.99,99,14,1.46,NC,1687224137
325,jodiya bandar,22.7167,70.2833,28.63,77,65,7.14,IN,1687224137
326,zabaykal'sk,49.6333,117.3167,23.93,32,0,7.09,RU,1687224137
327,puerto aysen,-45.4,-72.7,-2.38,93,8,1.26,CL,1687224138
328,camargo,27.6667,-105.1667,37.22,14,100,1.1,MX,1687224138
329,nemuro,43.3236,145.575,12.01,77,33,1.09,JP,1687223610
330,aasiaat,68.7098,-52.8699,2.61,83,100,2.22,GL,1687223642
331,beau vallon,-20.4189,57.6953,22.13,73,40,4.12,MU,1687224138
332,jiuquan,39.7432,98.5174,24.7,15,100,1.35,CN,1687224138
333,beichengqu,40.4394,113.1536,20.91,36,0,8.19,CN,1687224139
334,tres passos,-27.4556,-53.9319,11.76,84,100,1.55,BR,1687224139
335,ixtapa,20.7,-105.2,30.13,70,0,5.14,MX,1687224139
336,balqash,46.8481,74.995,23.33,49,40,6.0,KZ,1687224139
337,hamilton,39.1834,-84.5333,21.48,91,100,5.14,US,1687223476
338,bogale,16.2833,95.4,26.51,87,100,2.2,MM,1687224140
339,tsiombe,-25.3,45.4833,16.37,74,0,2.88,MG,1687223597
340,yanam,16.7333,82.2167,29.88,80,17,1.49,IN,1687224140
341,dadukou,26.5479,101.7054,23.53,76,81,1.42,CN,1687224140
342,remire-montjoly,4.9167,-52.2667,25.02,94,75,1.03,GF,1687223607
343,formosa do rio preto,-11.0483,-45.1931,22.06,51,9,1.55,BR,1687224141
344,imbituba,-28.24,-48.6703,13.19,85,100,4.92,BR,1687224141
345,paradip garh,20.3167,86.6167,29.76,81,100,5.91,IN,1687224141
346,chibougamau,49.9168,-74.3659,17.79,77,0,2.06,CA,1687223621
347,swakopmund,-22.6833,14.5333,7.47,76,0,2.87,NA,1687224141
348,turkmenbasy,40.0222,52.9552,22.22,61,0,3.6,TM,1687223630
349,akureyri,65.6835,-18.0878,6.96,87,100,4.12,IS,1687223685
350,pont rouge,48.8833,-72.0825,15.16,91,90,2.44,CA,1687224142
351,montmagny,48.9734,2.3469,19.45,90,20,2.57,FR,1687224142
352,luderitz,-26.6481,15.1594,12.17,84,3,5.81,NA,1687223633
353,mersing,2.4312,103.8405,26.95,94,20,1.54,MY,1687224142
354,mount gambier,-37.8333,140.7667,8.7,69,100,1.76,AU,1687224143
355,tutoia,-2.7619,-42.2744,25.33,88,6,2.47,BR,1687224143
356,kolonia,50.9333,6.95,22.12,72,100,3.09,DE,1687224068
357,kodinar,20.7903,70.7031,29.25,69,100,4.59,IN,1687223689
358,wailea,19.8858,-155.123,27.1,85,100,4.12,US,1687224143
359,marsh harbour,26.5412,-77.0636,28.17,73,12,3.74,BS,1687224143
360,ola,59.5833,151.2833,23.97,73,33,2.72,RU,1687223676
361,cozumel,20.5083,-86.9458,30.04,79,20,3.58,MX,1687224144
362,togur,58.3631,82.8265,13.77,65,99,7.34,RU,1687224144
363,show low,34.2542,-110.0298,26.45,15,0,10.29,US,1687223987
364,nabire,-3.3667,135.4833,29.46,68,10,0.94,ID,1687223678
365,north bend,43.4065,-124.2243,15.13,67,0,4.63,US,1687223709
366,kichmengskiy gorodok,59.9816,45.7854,3.52,94,76,1.86,RU,1687224145
367,onokhoy,51.932,108.0747,19.86,49,99,0.8,RU,1687224145
368,mar del plata,-38.0023,-57.5575,11.72,80,100,3.09,AR,1687223648
369,bereznik,62.8551,42.7072,5.93,67,85,3.22,RU,1687224145
370,ponta delgada,37.7333,-25.6667,18.4,88,40,1.03,PT,1687224145
371,constitucion,-35.3333,-72.4167,12.96,84,100,2.33,CL,1687224146
372,sisimiut,66.9395,-53.6735,8.13,45,100,2.67,GL,1687223608
373,queenstown,-31.8976,26.8753,4.58,59,9,8.95,ZA,1687223625
374,parauapebas,-6.0675,-49.9022,22.69,89,0,0.71,BR,1687223711
375,coxen hole,16.3244,-86.5366,28.6,74,40,10.29,HN,1687224030
376,reggane,26.7158,0.1714,34.03,10,0,2.92,DZ,1687224146
377,adrar,20.5022,-10.0711,31.22,17,6,4.07,MR,1687224147
378,hermiston,45.8404,-119.2895,22.38,35,20,9.26,US,1687223859
379,praya,14.9215,-23.5087,25.3,78,20,3.6,CV,1687224147
380,sao joao da barra,-21.6403,-41.0511,19.72,74,58,4.98,BR,1687223611
381,hammerfest,70.6634,23.6821,18.25,59,100,1.54,NO,1687223712
382,victorica,-36.2151,-65.4359,8.02,88,100,4.28,AR,1687224148
383,saint-philippe,-21.3585,55.7679,20.77,77,88,4.54,RE,1687223598
384,kone,-21.0595,164.8658,26.41,47,1,1.15,NC,1687223679
385,riachao das neves,-11.7461,-44.91,21.95,49,29,1.67,BR,1687224148
386,zaragoza,41.6561,-0.8773,23.34,54,20,2.06,ES,1687223944
387,kiruna,67.8557,20.2251,14.51,77,75,1.03,SE,1687223930
388,kani keli,-12.9536,45.1033,22.59,71,5,1.58,YT,1687224149
389,saint-joseph,-21.3667,55.6167,20.21,75,65,4.93,RE,1687224149
390,raduzhny,62.0961,77.475,6.13,84,100,7.38,RU,1687224149
391,oisterwijk,51.5792,5.1889,21.08,72,100,3.6,NL,1687224149
392,liperi,62.5333,29.3667,14.26,82,0,2.57,FI,1687224150
393,hovd,48.0056,91.6419,23.13,23,52,2.0,MN,1687224150
394,mizdah,31.4451,12.9801,20.66,49,0,4.13,LY,1687224150
395,alma,48.5501,-71.6491,15.56,95,97,2.47,CA,1687224150
396,umm kaddadah,13.6017,26.6876,29.51,48,80,4.38,SD,1687224150
397,acarau,-2.8856,-40.12,25.4,87,40,4.27,BR,1687223653
398,saint-georges,12.0564,-61.7485,26.82,78,20,3.6,GD,1687223698
399,salinas de hidalgo,22.6333,-101.7167,28.35,14,6,8.3,MX,1687224151
400,coutras,45.0333,-0.1333,18.4,92,100,1.78,FR,1687223977
401,manismata,-2.4667,111.0333,23.85,96,100,0.97,ID,1687223683
402,sinop,41.7711,34.8709,14.86,89,72,3.02,TR,1687224151
403,tofol,5.3248,163.0078,29.88,74,100,3.09,FM,1687223630
404,korsakov,46.6328,142.7813,18.91,67,0,0.98,RU,1687224152
405,daru,-9.0763,143.2092,27.17,68,97,5.15,PG,1687223632
406,arkhangel'sk,64.5401,40.5433,2.3,83,6,2.86,RU,1687224152
407,simmerath,50.6,6.3,18.24,88,100,1.09,DE,1687224152
408,kaa-khem,51.6833,94.7333,22.82,33,100,0.95,RU,1687224153
409,belmonte,-15.8631,-38.8828,22.5,82,38,5.3,BR,1687223639
410,jinghong,21.991,100.7341,23.21,97,100,0.54,CN,1687224153
411,ha'il,27.5219,41.6907,28.01,24,0,0.0,SA,1687224008
412,alaghsas,17.0187,8.0168,34.05,26,100,2.94,NE,1687224153
413,moron,-34.6534,-58.6198,10.86,79,100,2.49,AR,1687224154
414,naifaru,5.4444,73.3657,28.45,76,93,6.36,MV,1687224077
415,manta,-0.95,-80.7333,26.67,89,75,8.05,EC,1687224052
416,bardai,11.65,7.2333,24.02,72,100,3.42,NG,1687223664
417,port isabel,26.0734,-97.2086,31.13,80,0,8.75,US,1687224155
418,tangalle,6.024,80.7911,25.77,87,75,4.98,LK,1687224155
419,byron bay,-28.65,153.6167,18.17,38,37,4.16,AU,1687224155
420,buka,40.8108,69.1986,23.34,50,31,2.32,UZ,1687224155
421,zag,46.9441,99.165,17.2,26,100,1.95,MN,1687224155
422,general pinedo,-27.3167,-61.2833,17.77,69,100,0.89,AR,1687224156
423,olinda,-8.0089,-34.8553,23.85,94,100,4.12,BR,1687224156
424,mount pearl,47.5166,-52.7813,6.29,97,100,3.6,CA,1687223670
425,plettenberg bay,-34.0527,23.3716,10.9,70,95,9.79,ZA,1687224156
426,broken hill,-31.95,141.4333,9.91,58,100,2.44,AU,1687223638
427,shenjiamen,29.9576,122.298,23.47,96,100,1.89,CN,1687224157
428,weno,7.4515,151.8468,29.97,79,40,2.06,FM,1687223657
429,kyzyl-mazhalyk,51.1333,90.6,19.64,57,68,0.29,RU,1687224157
430,as sulayyil,20.4607,45.5779,27.14,13,100,1.15,SA,1687224157
431,cockburn town,21.4612,-71.1419,28.53,77,82,8.49,TC,1687223956
432,recani,31.2846,-4.2688,27.71,17,0,3.53,MA,1687224158
433,xiaoweizhai,26.1903,107.5125,23.92,89,98,0.82,CN,1687224158
434,loreto,22.2667,-101.9667,28.79,14,6,9.64,MX,1687224158
435,juva,56.4368,57.9478,3.08,80,11,4.02,RU,1687224158
436,port hedland,-20.3167,118.5667,17.03,100,100,6.17,AU,1687224158
437,la tuque,47.4334,-72.7824,18.14,63,80,1.54,CA,1687224159
438,moussoro,13.6408,16.4901,31.49,45,100,6.28,TD,1687224159
439,sang-e charak,35.8497,66.4369,23.77,20,0,2.15,AF,1687224159
440,port blair,11.6667,92.75,27.73,83,100,7.04,IN,1687223679
441,mirnyy,62.5353,113.9611,14.02,50,99,4.92,RU,1687223709
442,lobito,-12.3481,13.5456,19.73,84,6,0.53,AO,1687224160
443,gros islet,14.0667,-60.95,27.93,78,40,3.09,LC,1687224160
444,pacific grove,36.6177,-121.9166,20.97,72,0,7.6,US,1687223619
445,guerrero negro,27.9769,-114.0611,19.47,74,100,7.46,MX,1687223625
446,belyayevka,51.3974,56.4096,6.67,82,7,2.52,RU,1687224160
447,sungai penuh,-2.0833,101.3833,20.82,76,100,0.19,ID,1687224161
448,paciran,-6.8767,112.3761,27.37,74,13,1.62,ID,1687224161
449,altamira,-3.2033,-52.2064,24.51,81,82,1.18,BR,1687224161
450,kabalo,-6.05,26.9167,22.71,44,55,1.65,CD,1687224161
451,vorkuta,67.5,64.0,4.28,75,100,4.43,RU,1687223687
452,hailin,44.5833,129.4167,19.43,79,100,2.06,CN,1687224162
453,walvis bay,-22.9575,14.5053,12.11,74,0,4.37,NA,1687223608
454,general roca,-39.0333,-67.5833,7.57,71,100,6.02,AR,1687224162
455,flying fish cove,-10.4217,105.6791,25.82,100,100,1.54,CX,1687223638
456,tot'ma,59.9747,42.7642,4.94,86,100,2.09,RU,1687224162
457,taltal,-25.4,-70.4833,17.54,63,2,2.34,CL,1687223658
458,maine soroa,13.2114,12.0241,33.35,32,100,4.15,NE,1687224163
459,mount darwin,-16.7725,31.5838,9.29,60,0,1.64,ZW,1687224163
460,nar'yan-mar,67.6713,53.087,3.8,79,24,3.96,RU,1687223667
461,porto velho,-8.7619,-63.9039,24.03,94,0,0.0,BR,1687224163
462,tirhanimine,35.2362,-3.9545,20.94,64,40,0.51,MA,1687224163
463,kushiro,42.975,144.3747,17.53,72,40,6.17,JP,1687224164
464,cherryville,53.1569,-6.9667,14.92,93,100,2.77,IE,1687224164
465,fort st. john,56.2499,-120.8529,18.94,32,75,6.17,CA,1687223631
466,al qusiyah,27.4402,30.8184,24.95,46,0,5.97,EG,1687224164
467,rizokarpaso,35.6,34.375,22.28,80,0,7.76,CY,1687224165
468,christchurch,-43.5333,172.6333,13.84,85,75,6.17,NZ,1687223615
469,opuwo,-18.0607,13.84,13.46,24,0,2.29,NA,1687223691
470,dergachi,51.2328,48.7659,11.53,59,86,2.92,RU,1687224165
471,nova sintra,14.8667,-24.7167,21.3,84,66,2.16,CV,1687223599
472,kimbe,-5.5502,150.1429,27.08,81,100,3.22,PG,1687224165
473,novo aripuana,-5.1206,-60.3797,22.92,96,100,1.1,BR,1687224166
474,pariaman,-0.619,100.12,26.03,75,100,1.12,ID,1687224166
475,chester,40.1254,-75.8749,23.33,72,0,2.06,US,1687224166
476,medina sidonia,36.457,-5.9272,20.49,94,100,1.28,ES,1687224166
477,marksville,31.128,-92.0662,33.32,60,8,0.35,US,1687224166
478,illizi,26.4833,8.4667,30.89,13,0,8.87,DZ,1687224167
479,guilin,25.2819,110.2864,27.06,89,100,0.99,CN,1687224167
480,wellington,-41.2866,174.7756,14.37,82,28,2.06,NZ,1687223411
481,concordia,-31.393,-58.0209,11.55,75,88,2.68,AR,1687224167
482,akhmim,26.5622,31.745,26.02,34,0,3.82,EG,1687224167
483,happy valley-goose bay,53.3168,-60.3315,11.17,46,20,5.66,CA,1687223613
484,puerto santander,8.3636,-72.4063,30.67,61,61,2.01,CO,1687224168
485,sanming,26.2486,117.6186,30.36,72,100,1.54,CN,1687224168
486,ghanzi,-21.5667,21.7833,10.93,23,0,4.1,BW,1687224168
487,yanchep,-31.55,115.6833,11.83,67,91,8.38,AU,1687223682
488,korla,41.7597,86.1469,29.86,23,100,5.36,CN,1687223647
489,touros,-5.1989,-35.4608,24.95,85,100,5.33,BR,1687224165
490,dera ghazi khan,30.0561,70.6348,35.89,42,1,6.53,PK,1687224169
491,lae,-6.7221,146.9847,29.37,69,85,1.71,PG,1687224169
492,cody,44.5263,-109.0565,22.79,61,100,0.0,US,1687224061
493,igrim,63.1906,64.4162,7.2,75,100,4.97,RU,1687223637
494,konya,38.1667,32.5,13.71,84,5,3.09,TR,1687224170
495,dourbali,11.8091,15.8632,29.07,56,100,5.67,TD,1687224170
496,camacupa,-12.0167,17.4833,10.46,46,50,1.83,AO,1687224170
497,kingston,17.997,-76.7936,28.47,76,100,0.89,JM,1687223491
498,huron,41.1501,-82.5499,22.7,66,100,4.79,US,1687224144
499,hulan ergi,47.2042,123.6333,20.27,77,100,5.7,CN,1687224171
500,meiganga,6.5167,14.3,18.18,94,100,0.94,CM,1687224171
501,gillette,44.2911,-105.5022,30.02,28,0,5.36,US,1687224171
502,banepa,27.6298,85.5214,21.18,88,20,0.0,NP,1687224171
503,villa gesell,-37.2639,-56.973,10.25,74,100,4.49,AR,1687224172
504,caleta de carquin,-11.0925,-77.6267,20.22,79,20,4.18,PE,1687224172
505,loango,-4.6719,11.8312,20.81,87,23,1.78,CG,1687223683
506,dunedin,-45.8742,170.5036,12.11,95,99,3.13,NZ,1687223637
507,kralendijk,12.15,-68.2667,27.99,78,0,6.69,BQ,1687224172
508,hirara,24.8,125.2833,29.15,89,75,9.26,JP,1687224173
509,boende,-0.2167,20.8667,21.43,99,100,1.16,CD,1687224173
510,viedma,-40.8135,-62.9967,6.14,68,100,3.41,AR,1687223957
511,leogane,18.5108,-72.6339,27.33,78,91,1.44,HT,1687224173
512,dalican,6.9667,124.4,27.79,79,76,1.07,PH,1687224173
513,alesund,62.4723,6.1549,18.84,88,100,0.0,NO,1687224174
514,bayanhongor,46.7167,100.1167,16.36,27,100,2.49,MN,1687224174
515,puerto gaitan,4.3133,-72.0816,25.0,76,55,2.11,CO,1687224175
516,russkaya polyana,49.417,31.9201,15.97,67,14,1.01,UA,1687224175
517,cheney,47.4874,-117.5758,17.19,42,75,6.17,US,1687224171
518,sarkand,45.41,79.9186,24.91,40,99,7.06,KZ,1687224175
519,kuala tungkal,-0.8167,103.4667,24.63,87,100,2.43,ID,1687224175
520,ryotsu-minato,38.0833,138.4333,20.74,62,77,3.01,JP,1687224176
521,mana,5.6592,-53.7767,25.37,89,76,1.85,GF,1687223700
522,nazyvayevsk,55.5698,71.3529,4.0,96,100,11.45,RU,1687224176
523,poronaysk,49.2167,143.1167,14.33,71,36,3.01,RU,1687224176
524,laayoune,27.1622,-13.2032,21.19,100,0,2.06,EH,1687224177
525,camocim,-2.9022,-40.8411,25.1,89,67,3.09,BR,1687224177
526,yongchuan,29.3514,105.8947,26.06,79,97,0.82,CN,1687224177
527,sept-iles,50.2001,-66.3821,12.81,83,75,1.03,CA,1687224104
528,tarawa,1.419,172.984,30.05,74,75,2.06,KI,1687223700
529,taitung city,22.7583,121.1444,33.15,70,75,1.03,TW,1687224178
530,hasaki,35.7333,140.8333,25.68,66,97,4.46,JP,1687223706
531,newport,51.5877,-2.9984,16.97,86,100,1.07,GB,1687224039
532,labytnangi,66.6572,66.4183,6.1,74,93,3.28,RU,1687224178
533,wuyishan,28.0047,117.8114,27.17,92,100,1.09,CN,1687224178
534,shimoda,34.6667,138.95,23.2,75,100,4.79,JP,1687224178
535,kolyshley,52.7005,44.5367,10.13,74,100,3.11,RU,1687224179
536,fada n'gourma,12.0622,0.3578,28.98,54,95,1.53,BF,1687224179
537,tripoli,32.8752,13.1875,23.98,58,0,5.87,LY,1687224179
538,zhanga buqtyrma,49.6295,83.5248,19.19,78,100,1.45,KZ,1687224179
539,vimmerby,57.6659,15.8552,12.23,96,100,1.32,SE,1687224180
540,hays,30.0502,-98.0336,35.47,49,100,2.24,US,1687224180
541,minot air force base,48.4209,-101.3391,26.1,61,0,4.12,US,1687224180
542,tubarjal,30.4999,38.216,21.09,47,0,7.31,SA,1687223662
543,pathein,16.7833,94.7333,26.18,90,91,2.05,MM,1687223670
544,borkum,53.5809,6.6915,16.97,81,100,2.5,DE,1687224180
545,meghraj,23.5,73.5,27.37,76,59,5.55,IN,1687223957
546,abengourou,6.7297,-3.4964,22.53,99,100,1.87,CI,1687224181
547,maun,-19.9833,23.4167,9.98,53,0,1.54,BW,1687224181
548,scobinti,47.3833,26.9333,16.35,92,100,1.75,RO,1687224181
549,smithers,54.7804,-127.1743,24.18,22,20,4.63,CA,1687223688
550,tchollire,8.4022,14.1698,23.49,88,100,1.28,CM,1687224182
551,kislovodsk,43.9133,42.7208,11.8,95,100,2.48,RU,1687224182
552,vuktyl,63.8567,57.3094,5.43,79,100,4.81,RU,1687224182
553,hastings,50.8552,0.5729,17.96,42,65,3.45,GB,1687224182
554,itoman,26.1247,127.6694,29.21,84,75,4.63,JP,1687224182
555,coahuayana de hidalgo,18.7,-103.6583,29.84,60,3,2.32,MX,1687224183
556,lethem,3.3803,-59.7968,25.2,83,94,1.57,GY,1687223660
557,lincheng,19.9078,109.6858,29.99,68,78,2.5,CN,1687224183
558,la ronge,55.1001,-105.2842,19.12,36,20,2.57,CA,1687223601
559,peterhead,57.5058,-1.7981,14.14,92,0,5.03,GB,1687224183
560,loen,7.7601,168.2307,27.3,79,100,4.78,MH,1687224075
561,hwange,-18.3693,26.5019,14.16,45,0,1.16,ZW,1687224184
562,polyarnyy,69.1989,33.4478,5.73,80,5,1.48,RU,1687223628
563,rock springs,41.5875,-109.2029,24.69,19,20,12.86,US,1687224104
564,calvinia,-31.4707,19.776,4.29,94,99,4.27,ZA,1687224185
565,al kharijah,25.4514,30.5464,25.18,23,0,3.92,EG,1687223709
566,hiratacho,35.4333,132.8167,24.98,61,0,8.75,JP,1687224185
567,mollendo,-17.0231,-72.0147,17.68,84,56,3.77,PE,1687224185
568,cadale,2.7603,46.3222,25.93,80,100,8.42,SO,1687224185
569,pinarbasi,38.7229,36.3931,10.94,93,41,1.2,TR,1687224185
570,konarka,19.9,86.1167,28.22,81,100,5.78,IN,1687224186
571,ilebo,-4.3167,20.5833,21.56,81,10,0.84,CD,1687224186
572,puerto baquerizo moreno,-0.9,-89.6,25.04,84,4,4.89,EC,1687223635
573,turgen,43.4006,77.5933,21.07,48,100,1.22,KZ,1687224186
574,jinchang,38.4953,102.1739,22.76,22,100,1.55,CN,1687224187
575,dharamsala,32.2419,76.3213,20.2,73,78,2.43,IN,1687224187
576,yeniseysk,58.4497,92.1703,14.75,46,100,3.42,RU,1687224187
577,ivins,37.1686,-113.6794,32.86,18,2,4.47,US,1687224187
578,bani walid,31.7566,13.9942,21.13,57,0,2.19,LY,1687224187
579,mbouda,5.6258,10.2552,17.29,95,100,1.57,CM,1687224188
580,ceelbuur,4.685,46.6176,23.55,83,58,7.54,SO,1687224188
581,butterworth,5.3991,100.3638,30.02,81,20,2.06,MY,1687224188
